Validation_Set,Topics,Alpha,Beta,Coherence
75% Corpus,2,0.01,0.01,-8.184790589737947
75% Corpus,2,0.01,0.31,-9.51411119973961
75% Corpus,2,0.01,0.61,-8.242442802046998
75% Corpus,2,0.01,0.9099999999999999,-8.89883799234448
75% Corpus,2,0.01,symmetric,-8.59243402032291
75% Corpus,2,0.31,0.01,-8.58795168429688
75% Corpus,2,0.31,0.31,-8.873679084694599
75% Corpus,2,0.31,0.61,-8.660530605496431
75% Corpus,2,0.31,0.9099999999999999,-9.37299556738164
75% Corpus,2,0.31,symmetric,-8.541575449863362
75% Corpus,2,0.61,0.01,-9.2101284936662
75% Corpus,2,0.61,0.31,-8.58212271217948
75% Corpus,2,0.61,0.61,-9.579890370867375
75% Corpus,2,0.61,0.9099999999999999,-9.135357006427789
75% Corpus,2,0.61,symmetric,-8.351063331118237
75% Corpus,2,0.9099999999999999,0.01,-9.660747508252825
75% Corpus,2,0.9099999999999999,0.31,-8.380528739855519
75% Corpus,2,0.9099999999999999,0.61,-8.535215439682219
75% Corpus,2,0.9099999999999999,0.9099999999999999,-8.926471384843978
75% Corpus,2,0.9099999999999999,symmetric,-8.219614632781726
75% Corpus,2,symmetric,0.01,-8.550382195078548
75% Corpus,2,symmetric,0.31,-8.619359195314251
75% Corpus,2,symmetric,0.61,-8.960278064741942
75% Corpus,2,symmetric,0.9099999999999999,-8.74626911500559
75% Corpus,2,symmetric,symmetric,-8.980326313073194
75% Corpus,2,asymmetric,0.01,-8.757041386177704
75% Corpus,2,asymmetric,0.31,-9.657194859164527
75% Corpus,2,asymmetric,0.61,-10.717546386475696
75% Corpus,2,asymmetric,0.9099999999999999,-11.111535803171396
75% Corpus,2,asymmetric,symmetric,-9.928233597985674
75% Corpus,3,0.01,0.01,-8.860428072572724
75% Corpus,3,0.01,0.31,-9.643651118863055
75% Corpus,3,0.01,0.61,-10.996536479992317
75% Corpus,3,0.01,0.9099999999999999,-10.716104509802264
75% Corpus,3,0.01,symmetric,-11.65067116144904
75% Corpus,3,0.31,0.01,-10.025949225362856
75% Corpus,3,0.31,0.31,-11.08332190310468
75% Corpus,3,0.31,0.61,-11.508397939544382
75% Corpus,3,0.31,0.9099999999999999,-10.953749496062798
75% Corpus,3,0.31,symmetric,-9.852898912133703
75% Corpus,3,0.61,0.01,-9.905811165105584
75% Corpus,3,0.61,0.31,-10.287257010521751
75% Corpus,3,0.61,0.61,-9.815320362910596
75% Corpus,3,0.61,0.9099999999999999,-9.823100615260142
75% Corpus,3,0.61,symmetric,-10.23864657929216
75% Corpus,3,0.9099999999999999,0.01,-9.442178883266012
75% Corpus,3,0.9099999999999999,0.31,-10.367444105258231
75% Corpus,3,0.9099999999999999,0.61,-11.209656957196616
75% Corpus,3,0.9099999999999999,0.9099999999999999,-10.784758966773085
75% Corpus,3,0.9099999999999999,symmetric,-9.60734422405954
75% Corpus,3,symmetric,0.01,-9.17086648591887
75% Corpus,3,symmetric,0.31,-10.641652685832286
75% Corpus,3,symmetric,0.61,-11.288664080850298
75% Corpus,3,symmetric,0.9099999999999999,-12.145342743746417
75% Corpus,3,symmetric,symmetric,-10.800102421260389
75% Corpus,3,asymmetric,0.01,-8.303006088886384
75% Corpus,3,asymmetric,0.31,-11.443047182139063
75% Corpus,3,asymmetric,0.61,-11.00013145064291
75% Corpus,3,asymmetric,0.9099999999999999,-12.621136836482593
75% Corpus,3,asymmetric,symmetric,-11.554627578414014
75% Corpus,4,0.01,0.01,-9.92917122280842
75% Corpus,4,0.01,0.31,-10.541551423666082
75% Corpus,4,0.01,0.61,-11.12632973998434
75% Corpus,4,0.01,0.9099999999999999,-11.381227718773893
75% Corpus,4,0.01,symmetric,-10.612353110392583
75% Corpus,4,0.31,0.01,-10.23651174984184
75% Corpus,4,0.31,0.31,-10.919702773584714
75% Corpus,4,0.31,0.61,-11.081097143012261
75% Corpus,4,0.31,0.9099999999999999,-12.002536619224326
75% Corpus,4,0.31,symmetric,-11.084476491506537
75% Corpus,4,0.61,0.01,-10.30985812567538
75% Corpus,4,0.61,0.31,-11.87365858461997
75% Corpus,4,0.61,0.61,-11.580004085212273
75% Corpus,4,0.61,0.9099999999999999,-11.606350122648305
75% Corpus,4,0.61,symmetric,-11.11692839754967
75% Corpus,4,0.9099999999999999,0.01,-9.69519173048523
75% Corpus,4,0.9099999999999999,0.31,-10.7664494104433
75% Corpus,4,0.9099999999999999,0.61,-10.059107089889487
75% Corpus,4,0.9099999999999999,0.9099999999999999,-10.98837611550602
75% Corpus,4,0.9099999999999999,symmetric,-10.14577906164297
75% Corpus,4,symmetric,0.01,-10.458147957010436
75% Corpus,4,symmetric,0.31,-11.703432502358167
75% Corpus,4,symmetric,0.61,-11.592196479145768
75% Corpus,4,symmetric,0.9099999999999999,-12.877969023861713
75% Corpus,4,symmetric,symmetric,-11.378128536081062
75% Corpus,4,asymmetric,0.01,-9.985466580132018
75% Corpus,4,asymmetric,0.31,-11.722614529776706
75% Corpus,4,asymmetric,0.61,-11.976941882970594
75% Corpus,4,asymmetric,0.9099999999999999,-13.769836732041146
75% Corpus,4,asymmetric,symmetric,-10.99586637065525
75% Corpus,5,0.01,0.01,-10.80684112123399
75% Corpus,5,0.01,0.31,-11.429197901306642
75% Corpus,5,0.01,0.61,-12.221364269751248
75% Corpus,5,0.01,0.9099999999999999,-13.033306010920446
75% Corpus,5,0.01,symmetric,-11.181187215862652
75% Corpus,5,0.31,0.01,-10.944132653179446
75% Corpus,5,0.31,0.31,-11.52307966613987
75% Corpus,5,0.31,0.61,-12.080447563258476
75% Corpus,5,0.31,0.9099999999999999,-12.60118900453423
75% Corpus,5,0.31,symmetric,-11.42031680675215
75% Corpus,5,0.61,0.01,-10.650425873788597
75% Corpus,5,0.61,0.31,-10.603278673701679
75% Corpus,5,0.61,0.61,-10.770232792261698
75% Corpus,5,0.61,0.9099999999999999,-11.152119317353558
75% Corpus,5,0.61,symmetric,-11.368849996680765
75% Corpus,5,0.9099999999999999,0.01,-10.244087184717296
75% Corpus,5,0.9099999999999999,0.31,-11.228627617339377
75% Corpus,5,0.9099999999999999,0.61,-11.509796896579445
75% Corpus,5,0.9099999999999999,0.9099999999999999,-10.826537645617051
75% Corpus,5,0.9099999999999999,symmetric,-11.16597030444701
75% Corpus,5,symmetric,0.01,-10.643101438055663
75% Corpus,5,symmetric,0.31,-12.388809193813263
75% Corpus,5,symmetric,0.61,-12.376490809841263
75% Corpus,5,symmetric,0.9099999999999999,-12.967467497533192
75% Corpus,5,symmetric,symmetric,-11.063654981579091
75% Corpus,5,asymmetric,0.01,-8.824936145574757
75% Corpus,5,asymmetric,0.31,-11.522129371884011
75% Corpus,5,asymmetric,0.61,-12.985626508591958
75% Corpus,5,asymmetric,0.9099999999999999,-15.294984723081797
75% Corpus,5,asymmetric,symmetric,-11.664402916201396
75% Corpus,6,0.01,0.01,-11.015418946382772
75% Corpus,6,0.01,0.31,-12.335331250481614
75% Corpus,6,0.01,0.61,-12.91413863432291
75% Corpus,6,0.01,0.9099999999999999,-14.16416626694417
75% Corpus,6,0.01,symmetric,-12.964765412858144
75% Corpus,6,0.31,0.01,-11.655742342887125
75% Corpus,6,0.31,0.31,-13.26921196332483
75% Corpus,6,0.31,0.61,-13.158512787541488
75% Corpus,6,0.31,0.9099999999999999,-13.739947415851823
75% Corpus,6,0.31,symmetric,-13.187501738670784
75% Corpus,6,0.61,0.01,-10.75046323085382
75% Corpus,6,0.61,0.31,-12.156418752604756
75% Corpus,6,0.61,0.61,-12.242690034899573
75% Corpus,6,0.61,0.9099999999999999,-12.82897288831232
75% Corpus,6,0.61,symmetric,-12.455232081769163
75% Corpus,6,0.9099999999999999,0.01,-10.460333972157004
75% Corpus,6,0.9099999999999999,0.31,-12.415670128888948
75% Corpus,6,0.9099999999999999,0.61,-11.517787865744085
75% Corpus,6,0.9099999999999999,0.9099999999999999,-12.461333696181422
75% Corpus,6,0.9099999999999999,symmetric,-11.208135724181382
75% Corpus,6,symmetric,0.01,-11.217236769601586
75% Corpus,6,symmetric,0.31,-12.129297553550733
75% Corpus,6,symmetric,0.61,-13.027818506808869
75% Corpus,6,symmetric,0.9099999999999999,-12.502615461242508
75% Corpus,6,symmetric,symmetric,-12.349473517914754
75% Corpus,6,asymmetric,0.01,-10.828309322862227
75% Corpus,6,asymmetric,0.31,-13.166999492972499
75% Corpus,6,asymmetric,0.61,-15.040951429391571
75% Corpus,6,asymmetric,0.9099999999999999,-15.24004004236592
75% Corpus,6,asymmetric,symmetric,-12.832742905096937
75% Corpus,7,0.01,0.01,-12.448442514613832
75% Corpus,7,0.01,0.31,-12.351263362347405
75% Corpus,7,0.01,0.61,-13.43353582171501
75% Corpus,7,0.01,0.9099999999999999,-13.168442242507698
75% Corpus,7,0.01,symmetric,-12.459350190919807
75% Corpus,7,0.31,0.01,-12.104828878414855
75% Corpus,7,0.31,0.31,-13.143586827077437
75% Corpus,7,0.31,0.61,-13.714335989181334
75% Corpus,7,0.31,0.9099999999999999,-12.57987444852971
75% Corpus,7,0.31,symmetric,-12.639990299609297
75% Corpus,7,0.61,0.01,-11.227565831723455
75% Corpus,7,0.61,0.31,-12.927187325681812
75% Corpus,7,0.61,0.61,-13.231049333799316
75% Corpus,7,0.61,0.9099999999999999,-12.965485655954934
75% Corpus,7,0.61,symmetric,-12.25245029208185
75% Corpus,7,0.9099999999999999,0.01,-11.147464180732353
75% Corpus,7,0.9099999999999999,0.31,-12.38272426428776
75% Corpus,7,0.9099999999999999,0.61,-12.841743896708447
75% Corpus,7,0.9099999999999999,0.9099999999999999,-13.229939175485029
75% Corpus,7,0.9099999999999999,symmetric,-12.533907218786606
75% Corpus,7,symmetric,0.01,-12.737016470518284
75% Corpus,7,symmetric,0.31,-12.88643824717708
75% Corpus,7,symmetric,0.61,-13.115538759923753
75% Corpus,7,symmetric,0.9099999999999999,-14.20353476162396
75% Corpus,7,symmetric,symmetric,-13.077913842477054
75% Corpus,7,asymmetric,0.01,-10.583998613813728
75% Corpus,7,asymmetric,0.31,-13.284831174359345
75% Corpus,7,asymmetric,0.61,-14.016916675575713
75% Corpus,7,asymmetric,0.9099999999999999,-14.085174699801088
75% Corpus,7,asymmetric,symmetric,-12.627622343395512
75% Corpus,8,0.01,0.01,-12.003805099666238
75% Corpus,8,0.01,0.31,-11.648103120356252
75% Corpus,8,0.01,0.61,-13.436586891476692
75% Corpus,8,0.01,0.9099999999999999,-11.765076063446049
75% Corpus,8,0.01,symmetric,-12.754380133153045
75% Corpus,8,0.31,0.01,-12.53580204390143
75% Corpus,8,0.31,0.31,-12.636421635435287
75% Corpus,8,0.31,0.61,-13.53037130807757
75% Corpus,8,0.31,0.9099999999999999,-14.703355914129297
75% Corpus,8,0.31,symmetric,-12.577920953747046
75% Corpus,8,0.61,0.01,-12.508829576168452
75% Corpus,8,0.61,0.31,-11.846721478596518
75% Corpus,8,0.61,0.61,-14.129427338243524
75% Corpus,8,0.61,0.9099999999999999,-13.418437825372756
75% Corpus,8,0.61,symmetric,-12.51801041896928
75% Corpus,8,0.9099999999999999,0.01,-11.763626969654547
75% Corpus,8,0.9099999999999999,0.31,-11.67407209142965
75% Corpus,8,0.9099999999999999,0.61,-12.207258220626638
75% Corpus,8,0.9099999999999999,0.9099999999999999,-12.392235174507519
75% Corpus,8,0.9099999999999999,symmetric,-12.510868205051661
75% Corpus,8,symmetric,0.01,-12.19090464703206
75% Corpus,8,symmetric,0.31,-12.854071141271454
75% Corpus,8,symmetric,0.61,-12.995955001672076
75% Corpus,8,symmetric,0.9099999999999999,-14.220334347575708
75% Corpus,8,symmetric,symmetric,-12.409540522320407
75% Corpus,8,asymmetric,0.01,-10.886960149587118
75% Corpus,8,asymmetric,0.31,-14.501115553700902
75% Corpus,8,asymmetric,0.61,-14.32014413570448
75% Corpus,8,asymmetric,0.9099999999999999,-14.198272173343213
75% Corpus,8,asymmetric,symmetric,-13.742620576480883
75% Corpus,9,0.01,0.01,-12.542157139423535
75% Corpus,9,0.01,0.31,-13.41205394482203
75% Corpus,9,0.01,0.61,-13.447308697909936
75% Corpus,9,0.01,0.9099999999999999,-13.661821217673523
75% Corpus,9,0.01,symmetric,-13.724941169711288
75% Corpus,9,0.31,0.01,-13.517984414913485
75% Corpus,9,0.31,0.31,-13.180244154740778
75% Corpus,9,0.31,0.61,-13.852250681651151
75% Corpus,9,0.31,0.9099999999999999,-14.075896987128015
75% Corpus,9,0.31,symmetric,-13.514606985682244
75% Corpus,9,0.61,0.01,-12.227050229349238
75% Corpus,9,0.61,0.31,-12.77286244919793
75% Corpus,9,0.61,0.61,-13.258476798370385
75% Corpus,9,0.61,0.9099999999999999,-14.383345759553285
75% Corpus,9,0.61,symmetric,-12.764474109769834
75% Corpus,9,0.9099999999999999,0.01,-12.323067096845314
75% Corpus,9,0.9099999999999999,0.31,-12.927924036696112
75% Corpus,9,0.9099999999999999,0.61,-13.434252443362105
75% Corpus,9,0.9099999999999999,0.9099999999999999,-13.641385576006071
75% Corpus,9,0.9099999999999999,symmetric,-12.606532554481536
75% Corpus,9,symmetric,0.01,-12.450300943329005
75% Corpus,9,symmetric,0.31,-12.904974052387777
75% Corpus,9,symmetric,0.61,-14.292106306311318
75% Corpus,9,symmetric,0.9099999999999999,-14.058966730320675
75% Corpus,9,symmetric,symmetric,-13.68321134779491
75% Corpus,9,asymmetric,0.01,-12.0230318040175
75% Corpus,9,asymmetric,0.31,-14.14409471067569
75% Corpus,9,asymmetric,0.61,-15.22328692152541
75% Corpus,9,asymmetric,0.9099999999999999,-15.497753821696149
75% Corpus,9,asymmetric,symmetric,-13.820261383965772
75% Corpus,10,0.01,0.01,-13.37321509352557
75% Corpus,10,0.01,0.31,-13.660147574935195
75% Corpus,10,0.01,0.61,-14.781981307256405
75% Corpus,10,0.01,0.9099999999999999,-14.75013242962989
75% Corpus,10,0.01,symmetric,-13.675730202607847
75% Corpus,10,0.31,0.01,-13.743257179120159
75% Corpus,10,0.31,0.31,-14.173656656652835
75% Corpus,10,0.31,0.61,-14.765027331749689
75% Corpus,10,0.31,0.9099999999999999,-15.67093747165823
75% Corpus,10,0.31,symmetric,-13.568454574616414
75% Corpus,10,0.61,0.01,-13.119756485431717
75% Corpus,10,0.61,0.31,-13.39855607753268
75% Corpus,10,0.61,0.61,-14.085841501930862
75% Corpus,10,0.61,0.9099999999999999,-14.439723726506989
75% Corpus,10,0.61,symmetric,-13.437450473589161
75% Corpus,10,0.9099999999999999,0.01,-12.903753904910644
75% Corpus,10,0.9099999999999999,0.31,-13.212135565107186
75% Corpus,10,0.9099999999999999,0.61,-14.102051382873046
75% Corpus,10,0.9099999999999999,0.9099999999999999,-14.323485948710289
75% Corpus,10,0.9099999999999999,symmetric,-12.617241530581527
75% Corpus,10,symmetric,0.01,-13.580636637764645
75% Corpus,10,symmetric,0.31,-13.945708331149547
75% Corpus,10,symmetric,0.61,-14.15332640528516
75% Corpus,10,symmetric,0.9099999999999999,-14.119996759604714
75% Corpus,10,symmetric,symmetric,-13.80262387822358
75% Corpus,10,asymmetric,0.01,-12.077084214387153
75% Corpus,10,asymmetric,0.31,-14.669444868176077
75% Corpus,10,asymmetric,0.61,-14.09470325512169
75% Corpus,10,asymmetric,0.9099999999999999,-14.451674056372582
75% Corpus,10,asymmetric,symmetric,-14.28056906795475
100% Corpus,2,0.01,0.01,-8.517262107193073
100% Corpus,2,0.01,0.31,-8.015892912894737
100% Corpus,2,0.01,0.61,-8.42874205374041
100% Corpus,2,0.01,0.9099999999999999,-9.02687924703179
100% Corpus,2,0.01,symmetric,-8.532039246155838
100% Corpus,2,0.31,0.01,-8.113650725630539
100% Corpus,2,0.31,0.31,-8.12518636750111
100% Corpus,2,0.31,0.61,-8.350193565785393
100% Corpus,2,0.31,0.9099999999999999,-8.148628937016957
100% Corpus,2,0.31,symmetric,-8.609051149802642
100% Corpus,2,0.61,0.01,-7.776396214857036
100% Corpus,2,0.61,0.31,-9.110380444330762
100% Corpus,2,0.61,0.61,-9.298753457911204
100% Corpus,2,0.61,0.9099999999999999,-8.982395471002313
100% Corpus,2,0.61,symmetric,-9.235232229971857
100% Corpus,2,0.9099999999999999,0.01,-7.62562112702707
100% Corpus,2,0.9099999999999999,0.31,-9.226240743942796
100% Corpus,2,0.9099999999999999,0.61,-8.957017604264921
100% Corpus,2,0.9099999999999999,0.9099999999999999,-8.979478455462752
100% Corpus,2,0.9099999999999999,symmetric,-10.761304202975856
100% Corpus,2,symmetric,0.01,-8.927737785224535
100% Corpus,2,symmetric,0.31,-8.444764504034659
100% Corpus,2,symmetric,0.61,-8.383804994264025
100% Corpus,2,symmetric,0.9099999999999999,-8.969026846578078
100% Corpus,2,symmetric,symmetric,-11.660245087652461
100% Corpus,2,asymmetric,0.01,-8.319131962686859
100% Corpus,2,asymmetric,0.31,-9.20407503210461
100% Corpus,2,asymmetric,0.61,-11.948266091380821
100% Corpus,2,asymmetric,0.9099999999999999,-12.613070075589945
100% Corpus,2,asymmetric,symmetric,-12.051066525061012
100% Corpus,3,0.01,0.01,-9.365029592860095
100% Corpus,3,0.01,0.31,-9.743909989716729
100% Corpus,3,0.01,0.61,-8.029417003005745
100% Corpus,3,0.01,0.9099999999999999,-9.153998950427352
100% Corpus,3,0.01,symmetric,-8.509266366781885
100% Corpus,3,0.31,0.01,-9.983035856314906
100% Corpus,3,0.31,0.31,-10.196568743541961
100% Corpus,3,0.31,0.61,-9.837207510517679
100% Corpus,3,0.31,0.9099999999999999,-12.242791162325753
100% Corpus,3,0.31,symmetric,-10.50847010458759
100% Corpus,3,0.61,0.01,-8.993156554147225
100% Corpus,3,0.61,0.31,-9.766714033933434
100% Corpus,3,0.61,0.61,-9.396718619482824
100% Corpus,3,0.61,0.9099999999999999,-12.052139408404095
100% Corpus,3,0.61,symmetric,-9.461990786819023
100% Corpus,3,0.9099999999999999,0.01,-7.895933330345099
100% Corpus,3,0.9099999999999999,0.31,-9.443026152096374
100% Corpus,3,0.9099999999999999,0.61,-9.983700238354245
100% Corpus,3,0.9099999999999999,0.9099999999999999,-9.159460312097275
100% Corpus,3,0.9099999999999999,symmetric,-9.942498755659901
100% Corpus,3,symmetric,0.01,-9.852777476515017
100% Corpus,3,symmetric,0.31,-10.430917472933226
100% Corpus,3,symmetric,0.61,-9.825421187079248
100% Corpus,3,symmetric,0.9099999999999999,-10.041711562091676
100% Corpus,3,symmetric,symmetric,-10.04921290475278
100% Corpus,3,asymmetric,0.01,-9.107062760313822
100% Corpus,3,asymmetric,0.31,-13.258183710371858
100% Corpus,3,asymmetric,0.61,-12.511799561296092
100% Corpus,3,asymmetric,0.9099999999999999,-11.350541663227817
100% Corpus,3,asymmetric,symmetric,-12.083299855867603
100% Corpus,4,0.01,0.01,-10.365559618622953
100% Corpus,4,0.01,0.31,-11.77413183808976
100% Corpus,4,0.01,0.61,-11.690016857340165
100% Corpus,4,0.01,0.9099999999999999,-10.60446605575951
100% Corpus,4,0.01,symmetric,-11.161252003337667
100% Corpus,4,0.31,0.01,-10.764814758205368
100% Corpus,4,0.31,0.31,-11.30037966833979
100% Corpus,4,0.31,0.61,-11.74262434698231
100% Corpus,4,0.31,0.9099999999999999,-11.329924625886298
100% Corpus,4,0.31,symmetric,-11.08851458801227
100% Corpus,4,0.61,0.01,-10.340821663813722
100% Corpus,4,0.61,0.31,-11.366532939989591
100% Corpus,4,0.61,0.61,-11.510664536684207
100% Corpus,4,0.61,0.9099999999999999,-10.840894822563952
100% Corpus,4,0.61,symmetric,-10.550189188103616
100% Corpus,4,0.9099999999999999,0.01,-10.133738566942254
100% Corpus,4,0.9099999999999999,0.31,-10.315502241199468
100% Corpus,4,0.9099999999999999,0.61,-10.668797594329376
100% Corpus,4,0.9099999999999999,0.9099999999999999,-10.82457582933692
100% Corpus,4,0.9099999999999999,symmetric,-11.696511552488554
100% Corpus,4,symmetric,0.01,-10.639335322309938
100% Corpus,4,symmetric,0.31,-11.389621798593858
100% Corpus,4,symmetric,0.61,-10.915253923416035
100% Corpus,4,symmetric,0.9099999999999999,-12.281390122709583
100% Corpus,4,symmetric,symmetric,-11.06242482527332
100% Corpus,4,asymmetric,0.01,-8.833064226043227
100% Corpus,4,asymmetric,0.31,-11.036597619727994
100% Corpus,4,asymmetric,0.61,-12.400639693505433
100% Corpus,4,asymmetric,0.9099999999999999,-13.549370910529085
100% Corpus,4,asymmetric,symmetric,-12.462536385976337
100% Corpus,5,0.01,0.01,-11.30041432029092
100% Corpus,5,0.01,0.31,-12.08978192447773
100% Corpus,5,0.01,0.61,-11.935906919477667
100% Corpus,5,0.01,0.9099999999999999,-11.80046449044718
100% Corpus,5,0.01,symmetric,-12.245734779777806
100% Corpus,5,0.31,0.01,-12.066118467263923
100% Corpus,5,0.31,0.31,-12.465182227513585
100% Corpus,5,0.31,0.61,-11.678438929612563
100% Corpus,5,0.31,0.9099999999999999,-12.091183128024158
100% Corpus,5,0.31,symmetric,-11.518669721379819
100% Corpus,5,0.61,0.01,-11.06103891132146
100% Corpus,5,0.61,0.31,-12.278851476744391
100% Corpus,5,0.61,0.61,-12.570577436822827
100% Corpus,5,0.61,0.9099999999999999,-11.245762840685632
100% Corpus,5,0.61,symmetric,-11.939095944507796
100% Corpus,5,0.9099999999999999,0.01,-10.908875060838849
100% Corpus,5,0.9099999999999999,0.31,-13.015568927146916
100% Corpus,5,0.9099999999999999,0.61,-11.787241195510681
100% Corpus,5,0.9099999999999999,0.9099999999999999,-11.655314413496928
100% Corpus,5,0.9099999999999999,symmetric,-11.862175554381363
100% Corpus,5,symmetric,0.01,-11.66876180949306
100% Corpus,5,symmetric,0.31,-13.288821011795733
100% Corpus,5,symmetric,0.61,-11.870988702911157
100% Corpus,5,symmetric,0.9099999999999999,-11.956082430155554
100% Corpus,5,symmetric,symmetric,-12.01498772659549
100% Corpus,5,asymmetric,0.01,-10.179009426707582
100% Corpus,5,asymmetric,0.31,-13.588045501126937
100% Corpus,5,asymmetric,0.61,-12.57169293633991
100% Corpus,5,asymmetric,0.9099999999999999,-12.811328539115252
100% Corpus,5,asymmetric,symmetric,-12.654544332457377
100% Corpus,6,0.01,0.01,-11.701470251924768
100% Corpus,6,0.01,0.31,-12.721058130828219
100% Corpus,6,0.01,0.61,-12.754756356441233
100% Corpus,6,0.01,0.9099999999999999,-12.39693481913026
100% Corpus,6,0.01,symmetric,-13.113051474035805
100% Corpus,6,0.31,0.01,-12.018474669771516
100% Corpus,6,0.31,0.31,-13.506526839771324
100% Corpus,6,0.31,0.61,-13.465866745170183
100% Corpus,6,0.31,0.9099999999999999,-13.755555622668252
100% Corpus,6,0.31,symmetric,-13.952273796022405
100% Corpus,6,0.61,0.01,-11.838925577009718
100% Corpus,6,0.61,0.31,-12.30541723378294
100% Corpus,6,0.61,0.61,-12.689173576361624
100% Corpus,6,0.61,0.9099999999999999,-13.078090083206027
100% Corpus,6,0.61,symmetric,-13.122429680108574
100% Corpus,6,0.9099999999999999,0.01,-11.987804833305496
100% Corpus,6,0.9099999999999999,0.31,-11.82543762667139
100% Corpus,6,0.9099999999999999,0.61,-12.162849875381406
100% Corpus,6,0.9099999999999999,0.9099999999999999,-12.698319691805617
100% Corpus,6,0.9099999999999999,symmetric,-12.521504082480932
100% Corpus,6,symmetric,0.01,-12.606158494163457
100% Corpus,6,symmetric,0.31,-12.806002443406541
100% Corpus,6,symmetric,0.61,-12.880614034053524
100% Corpus,6,symmetric,0.9099999999999999,-12.80791304735297
100% Corpus,6,symmetric,symmetric,-12.865368077522989
100% Corpus,6,asymmetric,0.01,-11.126379274991914
100% Corpus,6,asymmetric,0.31,-14.015438081571368
100% Corpus,6,asymmetric,0.61,-13.648846409632583
100% Corpus,6,asymmetric,0.9099999999999999,-14.767162130499743
100% Corpus,6,asymmetric,symmetric,-13.152988404937204
100% Corpus,7,0.01,0.01,-13.293289530002214
100% Corpus,7,0.01,0.31,-13.469349958387571
100% Corpus,7,0.01,0.61,-13.316512106702646
100% Corpus,7,0.01,0.9099999999999999,-13.674864680956867
100% Corpus,7,0.01,symmetric,-13.340762692975886
100% Corpus,7,0.31,0.01,-13.043261960764267
100% Corpus,7,0.31,0.31,-13.355963656607775
100% Corpus,7,0.31,0.61,-13.395006064512918
100% Corpus,7,0.31,0.9099999999999999,-13.436637806064226
100% Corpus,7,0.31,symmetric,-13.713634836552034
100% Corpus,7,0.61,0.01,-12.6975261143522
100% Corpus,7,0.61,0.31,-12.619095540202169
100% Corpus,7,0.61,0.61,-12.781785016771916
100% Corpus,7,0.61,0.9099999999999999,-12.879293355696912
100% Corpus,7,0.61,symmetric,-13.164750983462639
100% Corpus,7,0.9099999999999999,0.01,-11.79618865852342
100% Corpus,7,0.9099999999999999,0.31,-12.71573264242475
100% Corpus,7,0.9099999999999999,0.61,-12.588221217415995
100% Corpus,7,0.9099999999999999,0.9099999999999999,-12.213594567835203
100% Corpus,7,0.9099999999999999,symmetric,-12.930055906846162
100% Corpus,7,symmetric,0.01,-12.460944887728255
100% Corpus,7,symmetric,0.31,-13.365102405520208
100% Corpus,7,symmetric,0.61,-12.884802857003846
100% Corpus,7,symmetric,0.9099999999999999,-13.564680706350773
100% Corpus,7,symmetric,symmetric,-13.548482511898536
100% Corpus,7,asymmetric,0.01,-11.586330180549457
100% Corpus,7,asymmetric,0.31,-13.361816274245626
100% Corpus,7,asymmetric,0.61,-14.00074779186009
100% Corpus,7,asymmetric,0.9099999999999999,-15.624755296317641
100% Corpus,7,asymmetric,symmetric,-13.247887394104765
100% Corpus,8,0.01,0.01,-13.205817438578435
100% Corpus,8,0.01,0.31,-13.192683590076996
100% Corpus,8,0.01,0.61,-13.308849606943557
100% Corpus,8,0.01,0.9099999999999999,-12.666406022387099
100% Corpus,8,0.01,symmetric,-13.249198581414934
100% Corpus,8,0.31,0.01,-13.90375432059671
100% Corpus,8,0.31,0.31,-13.674990962745845
100% Corpus,8,0.31,0.61,-13.411931739996803
100% Corpus,8,0.31,0.9099999999999999,-13.785791400256228
100% Corpus,8,0.31,symmetric,-13.563558886961951
100% Corpus,8,0.61,0.01,-13.138800945667525
100% Corpus,8,0.61,0.31,-14.097437540993187
100% Corpus,8,0.61,0.61,-13.27113478985643
100% Corpus,8,0.61,0.9099999999999999,-13.456101315718529
100% Corpus,8,0.61,symmetric,-14.221268938783087
100% Corpus,8,0.9099999999999999,0.01,-12.881274118219766
100% Corpus,8,0.9099999999999999,0.31,-12.732732105472907
100% Corpus,8,0.9099999999999999,0.61,-13.026072372605299
100% Corpus,8,0.9099999999999999,0.9099999999999999,-12.869413026223066
100% Corpus,8,0.9099999999999999,symmetric,-13.739758014978936
100% Corpus,8,symmetric,0.01,-13.047933753774993
100% Corpus,8,symmetric,0.31,-13.300537765771729
100% Corpus,8,symmetric,0.61,-13.586624541007204
100% Corpus,8,symmetric,0.9099999999999999,-12.943001334964748
100% Corpus,8,symmetric,symmetric,-13.46745473132207
100% Corpus,8,asymmetric,0.01,-11.489622199044044
100% Corpus,8,asymmetric,0.31,-14.30801153194572
100% Corpus,8,asymmetric,0.61,-14.780673907712695
100% Corpus,8,asymmetric,0.9099999999999999,-15.127024518817414
100% Corpus,8,asymmetric,symmetric,-14.722605675977174
100% Corpus,9,0.01,0.01,-13.6770346982402
100% Corpus,9,0.01,0.31,-14.332780814322357
100% Corpus,9,0.01,0.61,-13.902780479352012
100% Corpus,9,0.01,0.9099999999999999,-14.588875331952117
100% Corpus,9,0.01,symmetric,-14.309289681370078
100% Corpus,9,0.31,0.01,-13.766298129069204
100% Corpus,9,0.31,0.31,-14.353583899605006
100% Corpus,9,0.31,0.61,-14.26656093063197
100% Corpus,9,0.31,0.9099999999999999,-14.340418225287474
100% Corpus,9,0.31,symmetric,-14.485646221089755
100% Corpus,9,0.61,0.01,-13.575675683489495
100% Corpus,9,0.61,0.31,-13.902250261129112
100% Corpus,9,0.61,0.61,-13.571455314109077
100% Corpus,9,0.61,0.9099999999999999,-13.363371618320938
100% Corpus,9,0.61,symmetric,-13.98222933727345
100% Corpus,9,0.9099999999999999,0.01,-12.72522371173784
100% Corpus,9,0.9099999999999999,0.31,-13.323303810103575
100% Corpus,9,0.9099999999999999,0.61,-13.595722023749273
100% Corpus,9,0.9099999999999999,0.9099999999999999,-14.056923348501236
100% Corpus,9,0.9099999999999999,symmetric,-14.387788895595937
100% Corpus,9,symmetric,0.01,-13.769183762237592
100% Corpus,9,symmetric,0.31,-14.209184065024832
100% Corpus,9,symmetric,0.61,-13.315380096219059
100% Corpus,9,symmetric,0.9099999999999999,-13.8362616189738
100% Corpus,9,symmetric,symmetric,-14.234043164953741
100% Corpus,9,asymmetric,0.01,-12.156703649879923
100% Corpus,9,asymmetric,0.31,-14.488450757549629
100% Corpus,9,asymmetric,0.61,-14.40401863054717
100% Corpus,9,asymmetric,0.9099999999999999,-15.378175680687551
100% Corpus,9,asymmetric,symmetric,-13.56177471281921
100% Corpus,10,0.01,0.01,-13.918138610650804
100% Corpus,10,0.01,0.31,-14.561962366530167
100% Corpus,10,0.01,0.61,-14.510838579728404
100% Corpus,10,0.01,0.9099999999999999,-14.558682935307889
100% Corpus,10,0.01,symmetric,-14.546616342715618
100% Corpus,10,0.31,0.01,-13.817922295149131
100% Corpus,10,0.31,0.31,-14.942035570887636
100% Corpus,10,0.31,0.61,-15.288503897328065
100% Corpus,10,0.31,0.9099999999999999,-14.582105430658398
100% Corpus,10,0.31,symmetric,-15.3852828954932
100% Corpus,10,0.61,0.01,-13.666770370756879
100% Corpus,10,0.61,0.31,-14.04518569564101
100% Corpus,10,0.61,0.61,-14.406839637133535
100% Corpus,10,0.61,0.9099999999999999,-14.399528526966757
100% Corpus,10,0.61,symmetric,-14.019742377258728
100% Corpus,10,0.9099999999999999,0.01,-13.661538795636536
100% Corpus,10,0.9099999999999999,0.31,-13.45680358704169
100% Corpus,10,0.9099999999999999,0.61,-14.086790700018096
100% Corpus,10,0.9099999999999999,0.9099999999999999,-13.834580851000045
100% Corpus,10,0.9099999999999999,symmetric,-14.193263203462076
100% Corpus,10,symmetric,0.01,-13.677114554738441
100% Corpus,10,symmetric,0.31,-14.978406775116593
100% Corpus,10,symmetric,0.61,-14.25580311406049
100% Corpus,10,symmetric,0.9099999999999999,-15.007546105443945
100% Corpus,10,symmetric,symmetric,-14.988035415443358
100% Corpus,10,asymmetric,0.01,-13.130215609023363
100% Corpus,10,asymmetric,0.31,-14.886104960887257
100% Corpus,10,asymmetric,0.61,-15.125878708876368
100% Corpus,10,asymmetric,0.9099999999999999,-14.927218797813413
100% Corpus,10,asymmetric,symmetric,-14.805523676240437
